{"rec0": 0.9625019431114197, "prec1": 0.6161290407180786, "auprc": 0.5496088160357497, "rec1": 0.3844992518424988, "prec0": 0.9090097546577454, "auroc": 0.8646747025668421, "acc": 0.8842722177505493, "minpse": 0.5289380976346251}